Uge 1
Spaghetti bolognese#Prep time: 40#Ingredients:#400g ground beef, 3 cloves of garlic, 2 onions, 2 carrots, 2 cans of tomato, 100g spaghetti#Recipe:#Bring a pot of water to boiling point, salt the water and put the pasta in. Fry the meat in another pot, untill caramalized and take out. Then fry the onions and carrots in the same pot. When veggies are sweated off, come the meat back in and fill with tomatos and cook for 10 minutes.
Leftover#Prep time: 41#Ingredients:#100g spaghetti and leftover from the day before.#Recipe:#Mix pasta with leftover from last night.
Spaghetti Aglio with chicken#Prep time: 42#Ingredients:#1 chicken breast, 2 gloves of garlic, 100g spaghetti,#Recipe:"#Bring a pot of water to boiling point, salt the water and put the pasta in. Fry a chickenbreast on a pan for 6-8 minutes. While the chickenbreast is done and resting, 
come chopped garlic and oliveoil into a pan for 20-30 seconds and then mix pasta in."
Chicken breast with carrots#Prep time: 43#Ingredients:#1 chicken breast, 3 carrots#Recipe:#Fry the chickenbreast on a pan for 6-8 minutes. Shred the carrots into a bowl with salt and peber.
Pie with bacon#Prep time: 44#Ingredients:#1 bag of pastry dough, 1 pack of bacon, 4 eggs, 1 onion 1 carrot#Recipe:"#Cover a pieform with your pastry dough and put it in the fridge for 60 minutes. Take it out and poke holes in it with a fork. Then bake the dough at 180 degree for 10 minutes.
Fry the bacon untill crispy in a pan with onion. In the mean while, chop carrot and whisk them in with �ggs. Put your
bacon and onions into your egg mix and fill the pie and bake it in the oven for 30 minutes."
leftover from spaghetti bolognese#Prep time: 45#Ingredients:#100g spaghetti and leftover from the day before.#Recipe:#Mix pasta with leftover from last night.
Pie leftover.#Prep time: 46#Ingredients:#Recipe:

Uge 2
Kylling i karry#Prep time: 120#Ingredients:1 hel kylling, 2-3 loeg og 2-3 guleroedder.#Recipe:"Kom kylling i en gryde med groftudskaaret groentsager og daek med vand. Faa det op til kogepunkt og simre i 60 minutter. Tag kyllingen op og lad gryden 
fortsaette med at simre. Parter kyllingen og og kom skroget med tilhoerende koed tilbage i gryden. Kog den i yderlig 60 minutter. Imens koges ris og bage en
sovs op med lidt vand fra gryden. Kom kyllingekoedet op i din sovs."
Grillet kyllingelaar med bagte rodfrugter#Prep time: 20#Ingredients:1 kyllinglaar, 300g kartofler 150g guleroedder, 1 loeg.#Recipe:"Tag et kyllinglaar og krydr det og kom i ovn paa 275 graders varmluft til skin er sproedt. Kom hakket kartofler, guleroedder og loeg op i et ildfast fad
og kom lidt olie paa og bland. Saet det i ovnen under kyllingen."
Gulerodssuppe med bacon#Prep time: 20#Ingredients:150g bacon, 4 guleroedder, 2 loeg og 150 ml kyllingefond#Recipe:"Kog 4 guleroedder med 2 loeg, i en gryde, daekket med kyllingfond i 20 minutter. Blend suppen til en jaevn masse. Imens steges bacon.
Bland bacon og suppen sammen."
Pizza magarita#Prep time: 30#Ingredients:125g frisk mozeralle, tomatsovs, 12.5g toergaer, en kop vand, ca 100g hvedemel.#Recipe:"Roer gaer ud i lunkent vand og tilsaet salt og mel. Aelt dejen og lad den staa til haevning. Naar den har haevet, rulles den ud
og kom den paa en braedeplade. Daek dejen med tomatsovs og rive mozarella ud over. Bag den i 10 minutter ved 250 varmluft."
Nachos med kyllingelaar + wing#Prep time: 30#Ingredients:1 pose nachos, en haandfuld cheddarost, 1 kyllingelaar og 2 kyllingervinger.#Recipe:"Fyld et varmfast fad med nachos og daek med cheddarosten. Varm ovnen op til 275 grader og kom kyllinglaar i ovnen til skindet er sproedt. Tag kyllingen ud og 
kom nachos ind og smelt osten."
Caesarsalat#Prep time: 10#Ingredients:1 kyllingebryst, 2 toastbroed, 1 salathoved#Recipe:Skaer salat ud i strimler. Steg broedcroutoner paa en pande, samt dit udskaaret kyllingebryst. Bland det hele og kom dressing paa.
Raastegte kartofler med bacon#Prep time: 15#Ingredients:300g kartofler, 150g guleroedder, 1 loeg og 150g bacon.#Recipe:Skaer kartofler, guleroedder og loeg ud steg paa en pande. Paa en anden pande steges bacon.